<?xml version='1.0' encoding='utf-8'?>
<MixxxControllerPreset mixxxVersion="2.0.0+" schemaVersion="1">
    <info>
        <name>Reloop Beatmix</name>
        <author>Eugene Erokhin uncle.eugene@gmail.com</author>
        <description>1st gen. Reloop Beatmix</description>
        <manual>reloop_beatmix</manual>
    </info>
    <controller id="Reloop Beatmix">
        <scriptfiles>
            <file filename="Reloop_Beatmix.js" functionprefix="Beatmix"/>
        </scriptfiles>
        <controls>
            <control>
                <group>[Channel1]</group>
                <key>loop_in</key>
                <status>0x90</status>
                <midino>0x01</midino>
                <options>
                    <normal/>
                </options>
            </control>
            <control>
                <group>[Channel2]</group>
                <key>loop_out</key>
                <status>0x91</status>
                <midino>0x01</midino>
                <options>
                    <normal/>
                </options>
            </control>
            <control>
                <group>[Channel1]</group>
                <key>loop_out</key>
                <status>0x90</status>
                <midino>0x02</midino>
                <options>
                    <normal/>
                </options>
            </control>
            <control>
                <group>[Channel2]</group>
                <key>loop_in</key>
                <status>0x91</status>
                <midino>0x02</midino>
                <options>
                    <normal/>
                </options>
            </control>
            <control>
                <group>[Channel1]</group>
                <key>back</key>
                <status>0x90</status>
                <midino>0x06</midino>
                <options>
                    <normal/>
                </options>
            </control>
            <control>
                <group>[Channel2]</group>
                <key>back</key>
                <status>0x91</status>
                <midino>0x06</midino>
                <options>
                    <normal/>
                </options>
            </control>
            <control>
                <group>[Channel1]</group>
                <key>fwd</key>
                <status>0x90</status>
                <midino>0x07</midino>
                <options>
                    <normal/>
                </options>
            </control>
            <control>
                <group>[Channel2]</group>
                <key>fwd</key>
                <status>0x91</status>
                <midino>0x07</midino>
                <options>
                    <normal/>
                </options>
            </control>
            <control>
                <group>[Channel1]</group>
                <key>reverse</key>
                <status>0x90</status>
                <midino>0x0C</midino>
                <options>
                    <normal/>
                </options>
            </control>
            <control>
                <group>[Channel2]</group>
                <key>reverse</key>
                <status>0x91</status>
                <midino>0x0C</midino>
                <options>
                    <normal/>
                </options>
            </control>
            <control>
                <group>[Channel1]</group>
                <key>bpm_tap</key>
                <status>0x90</status>
                <midino>0x0D</midino>
                <options>
                    <normal/>
                </options>
            </control>
            <control>
                <group>[Channel2]</group>
                <key>bpm_tap</key>
                <status>0x91</status>
                <midino>0x0D</midino>
                <options>
                    <normal/>
                </options>
            </control>
            <control>
                <group>[Channel1]</group>
                <key>Beatmix.faderStart</key>
                <status>0x90</status>
                <midino>0x0E</midino>
                <options>
                    <script-binding/>
                </options>
            </control>
            <control>
                <group>[Channel2]</group>
                <key>Beatmix.faderStart</key>
                <status>0x91</status>
                <midino>0x0E</midino>
                <options>
                    <script-binding/>
                </options>
            </control>
            <control>
                <group>[Channel1]</group>
                <key>keylock</key>
                <status>0x90</status>
                <midino>0x0F</midino>
                <options>
                    <normal/>
                </options>
            </control>
            <control>
                <group>[Channel2]</group>
                <key>keylock</key>
                <status>0x91</status>
                <midino>0x0F</midino>
                <options>
                    <normal/>
                </options>
            </control>
            <control>
                <group>[EffectRack1_EffectUnit1]</group>
                <key>chain_selector</key>
                <status>0xB0</status>
                <midino>0x10</midino>
                <options>
                    <spread64/>
                </options>
            </control>
            <control>
                <group>[Channel1]</group>
                <key>Beatmix.loopSize</key>
                <status>0xB0</status>
                <midino>0x12</midino>
                <options>
                    <script-binding/>
                </options>
            </control>
            <control>
                <group>[Channel1]</group>
                <key>Beatmix.loopMove</key>
                <status>0xB0</status>
                <midino>0x13</midino>
                <options>
                    <script-binding/>
                </options>
            </control>
            <control>
                <group>[EffectRack1_EffectUnit2]</group>
                <key>chain_selector</key>
                <status>0xB1</status>
                <midino>0x14</midino>
                <options>
                    <spread64/>
                </options>
            </control>
            <control>
                <group>[Channel2]</group>
                <key>Beatmix.loopSize</key>
                <status>0xB1</status>
                <midino>0x16</midino>
                <options>
                    <script-binding/>
                </options>
            </control>
            <control>
                <group>[Channel2]</group>
                <key>Beatmix.loopMove</key>
                <status>0xB1</status>
                <midino>0x17</midino>
                <options>
                    <script-binding/>
                </options>
            </control>
            <control>
                <group>[Library]</group>
                <key>Beatmix.navKnob</key>
                <status>0xB4</status>
                <midino>0x18</midino>
                <options>
                    <script-binding/>
                </options>
            </control>
            <control>
                <group>[Library]</group>
                <key>Beatmix.navKnob</key>
                <status>0xB4</status>
                <midino>0x19</midino>
                <options>
                    <script-binding/>
                </options>
            </control>
            <control>
                <group>[EffectRack1_EffectUnit1]</group>
                <key>enabled</key>
                <status>0x90</status>
                <midino>0x20</midino>
                <options>
                    <normal/>
                </options>
            </control>
            <control>
                <group>[EffectRack1_EffectUnit2]</group>
                <key>enabled</key>
                <status>0x91</status>
                <midino>0x20</midino>
                <options>
                    <normal/>
                </options>
            </control>
            <control>
                <group>[Skin]</group>
                <key>show_maximized_library</key>
                <status>0x94</status>
                <midino>0x20</midino>
                <options>
                    <normal/>
                </options>
            </control>
            <control>
                <group>[Channel1]</group>
                <key>quantize</key>
                <status>0x90</status>
                <midino>0x21</midino>
                <options>
                    <normal/>
                </options>
            </control>
            <control>
                <group>[Channel2]</group>
                <key>beatloop_activate</key>
                <status>0x91</status>
                <midino>0x21</midino>
                <options>
                    <normal/>
                </options>
            </control>
            <control>
                <group>[Channel1]</group>
                <key>beatloop_activate</key>
                <status>0x90</status>
                <midino>0x22</midino>
                <options>
                    <normal/>
                </options>
            </control>
            <control>
                <group>[Channel2]</group>
                <key>quantize</key>
                <status>0x91</status>
                <midino>0x22</midino>
                <options>
                    <normal/>
                </options>
            </control>
            <control>
                <group>[Channel2]</group>
                <key>Beatmix.wheelTurn</key>
                <status>0xB1</status>
                <midino>0x22</midino>
                <options>
                    <script-binding/>
                </options>
            </control>
            <control>
                <group>[Channel1]</group>
                <key>pfl</key>
                <status>0x90</status>
                <midino>0x23</midino>
                <options>
                    <normal/>
                </options>
            </control>
            <control>
                <group>[Channel2]</group>
                <key>pfl</key>
                <status>0x91</status>
                <midino>0x23</midino>
                <options>
                    <normal/>
                </options>
            </control>
            <control>
                <group>[Channel1]</group>
                <key>Beatmix.wheelTurn</key>
                <status>0xB0</status>
                <midino>0x20</midino>
                <options>
                    <script-binding/>
                </options>
            </control>
            <control>
                <group>[Channel1]</group>
                <key>Beatmix.wheelTurn</key>
                <status>0xB0</status>
                <midino>0x24</midino>
                <options>
                    <script-binding/>
                </options>
            </control>
            <control>
                <group>[Channel1]</group>
                <key>Beatmix.toggleScratchMode</key>
                <status>0x90</status>
                <midino>0x12</midino>
                <options>
                    <script-binding/>
                </options>
            </control>
            <control>
                <group>[Channel2]</group>
                <key>Beatmix.toggleScratchMode</key>
                <status>0x91</status>
                <midino>0x12</midino>
                <options>
                    <script-binding/>
                </options>
            </control>
            <control>
                <group>[Channel1]</group>
                <key>rate_temp_down</key>
                <status>0x90</status>
                <midino>0x26</midino>
                <options>
                    <normal/>
                </options>
            </control>
            <control>
                <group>[Channel2]</group>
                <key>rate_temp_down</key>
                <status>0x91</status>
                <midino>0x26</midino>
                <options>
                    <normal/>
                </options>
            </control>
            <control>
                <group>[Channel2]</group>
                <key>Beatmix.wheelTurn</key>
                <status>0xB1</status>
                <midino>0x26</midino>
                <options>
                    <script-binding/>
                </options>
            </control>
            <control>
                <group>[Channel1]</group>
                <key>rate_temp_up</key>
                <status>0x90</status>
                <midino>0x27</midino>
                <options>
                    <normal/>
                </options>
            </control>
            <control>
                <group>[Channel2]</group>
                <key>rate_temp_up</key>
                <status>0x91</status>
                <midino>0x27</midino>
                <options>
                    <normal/>
                </options>
            </control>
            <control>
                <group>[Channel1]</group>
                <key>hotcue_1_activate</key>
                <status>0x90</status>
                <midino>0x29</midino>
                <options>
                    <normal/>
                </options>
            </control>
            <control>
                <group>[Channel1]</group>
                <key>hotcue_2_activate</key>
                <status>0x90</status>
                <midino>0x2A</midino>
                <options>
                    <normal/>
                </options>
            </control>
            <control>
                <group>[Channel1]</group>
                <key>hotcue_3_activate</key>
                <status>0x90</status>
                <midino>0x2B</midino>
                <options>
                    <normal/>
                </options>
            </control>
            <control>
                <group>[Channel2]</group>
                <key>hotcue_1_activate</key>
                <status>0x91</status>
                <midino>0x29</midino>
                <options>
                    <normal/>
                </options>
            </control>
            <control>
                <group>[Channel2]</group>
                <key>hotcue_2_activate</key>
                <status>0x91</status>
                <midino>0x2A</midino>
                <options>
                    <normal/>
                </options>
            </control>
            <control>
                <group>[Channel2]</group>
                <key>hotcue_3_activate</key>
                <status>0x91</status>
                <midino>0x2B</midino>
                <options>
                    <normal/>
                </options>
            </control>
            <control>
                <group>[Channel1]</group>
                <key>hotcue_1_clear</key>
                <status>0x90</status>
                <midino>0x09</midino>
                <options>
                    <normal/>
                </options>
            </control>
            <control>
                <group>[Channel1]</group>
                <key>hotcue_2_clear</key>
                <status>0x90</status>
                <midino>0x0A</midino>
                <options>
                    <normal/>
                </options>
            </control>
            <control>
                <group>[Channel1]</group>
                <key>hotcue_3_clear</key>
                <status>0x90</status>
                <midino>0x0B</midino>
                <options>
                    <normal/>
                </options>
            </control>
            <control>
                <group>[Channel2]</group>
                <key>hotcue_1_clear</key>
                <status>0x91</status>
                <midino>0x09</midino>
                <options>
                    <normal/>
                </options>
            </control>
            <control>
                <group>[Channel2]</group>
                <key>hotcue_2_clear</key>
                <status>0x91</status>
                <midino>0x0A</midino>
                <options>
                    <normal/>
                </options>
            </control>
            <control>
                <group>[Channel2]</group>
                <key>hotcue_3_clear</key>
                <status>0x91</status>
                <midino>0x0B</midino>
                <options>
                    <normal/>
                </options>
            </control>
            <control>
                <group>[EffectRack1_EffectUnit2]</group>
                <key>mix_set_default</key>
                <status>0x91</status>
                <midino>0x28</midino>
                <options>
                    <normal/>
                </options>
            </control>
            <control>
                <group>[Channel1]</group>
                <key>Beatmix.wheelTurn</key>
                <status>0xB0</status>
                <midino>0x28</midino>
                <options>
                    <script-binding/>
                </options>
            </control>
            <control>
                <group>[Channel2]</group>
                <key>Beatmix.wheelTurn</key>
                <status>0xB1</status>
                <midino>0x2A</midino>
                <options>
                    <script-binding/>
                </options>
            </control>
            <control>
                <group>[Channel1]</group>
                <key>sync_enabled</key>
                <status>0x90</status>
                <midino>0x2C</midino>
                <options>
                    <normal/>
                </options>
            </control>
            <control>
                <group>[Channel2]</group>
                <key>sync_enabled</key>
                <status>0x91</status>
                <midino>0x2C</midino>
                <options>
                    <normal/>
                </options>
            </control>
            <control>
                <group>[Channel1]</group>
                <key>cue_play</key>
                <status>0x90</status>
                <midino>0x2D</midino>
                <options>
                    <normal/>
                </options>
            </control>
            <control>
                <group>[Channel2]</group>
                <key>cue_play</key>
                <status>0x91</status>
                <midino>0x2D</midino>
                <options>
                    <normal/>
                </options>
            </control>
            <control>
                <group>[Channel1]</group>
                <key>cue_default</key>
                <status>0x90</status>
                <midino>0x2E</midino>
                <options>
                    <normal/>
                </options>
            </control>
            <control>
                <group>[Channel2]</group>
                <key>cue_default</key>
                <status>0x91</status>
                <midino>0x2E</midino>
                <options>
                    <normal/>
                </options>
            </control>
            <control>
                <group>[Channel1]</group>
                <key>play</key>
                <status>0x90</status>
                <midino>0x2F</midino>
                <options>
                    <normal/>
                </options>
            </control>
            <control>
                <group>[Channel2]</group>
                <key>play</key>
                <status>0x91</status>
                <midino>0x2F</midino>
                <options>
                    <normal/>
                </options>
            </control>
            <control>
                <group>[EffectRack1_EffectUnit1]</group>
                <key>super1</key>
                <status>0xB0</status>
                <midino>0x30</midino>
                <options>
                    <normal/>
                </options>
            </control>
            <control>
                <group>[QuickEffectRack1_[Channel1]]</group>
                <key>super1</key>
                <status>0xB0</status>
                <midino>0x31</midino>
                <options>
                    <normal/>
                </options>
            </control>
            <control>
                <group>[Channel1]</group>
                <key>LoadSelectedTrack</key>
                <status>0x90</status>
                <midino>0x32</midino>
                <options>
                    <normal/>
                </options>
            </control>
            <control>
                <group>[Channel2]</group>
                <key>LoadSelectedTrack</key>
                <status>0x91</status>
                <midino>0x32</midino>
                <options>
                    <normal/>
                </options>
            </control>
            <control>
                <group>[Channel1]</group>
                <key>pregain</key>
                <status>0xB0</status>
                <midino>0x32</midino>
                <options>
                    <normal/>
                </options>
            </control>
            <control>
                <group>[EqualizerRack1_[Channel1]_Effect1]</group>
                <key>parameter3</key>
                <status>0xB0</status>
                <midino>0x33</midino>
                <options>
                    <normal/>
                </options>
            </control>
            <control>
                <group>[EqualizerRack1_[Channel1]_Effect1]</group>
                <key>parameter2</key>
                <status>0xB0</status>
                <midino>0x34</midino>
                <options>
                    <normal/>
                </options>
            </control>
            <control>
                <group>[EqualizerRack1_[Channel1]_Effect1]</group>
                <key>parameter1</key>
                <status>0xB0</status>
                <midino>0x35</midino>
                <options>
                    <normal/>
                </options>
            </control>
            <control>
                <group>[Channel1]</group>
                <key>rate</key>
                <status>0xB0</status>
                <midino>0x36</midino>
                <options>
                    <soft-takeover/>
                    <fourteen-bit-msb/>
                </options>
            </control>
            <control>
                <group>[Channel1]</group>
                <key>Beatmix.fader</key>
                <status>0xB0</status>
                <midino>0x37</midino>
                <options>
                    <script-binding/>
                </options>
            </control>
            <control>
                <group>[EffectRack1_EffectUnit1]</group>
                <key>mix</key>
                <status>0xB0</status>
                <midino>0x39</midino>
                <options>
                    <normal/>
                </options>
            </control>
            <control>
                <group>[Channel1]</group>
                <key>Beatmix.wheelTouch</key>
                <status>0x90</status>
                <midino>0x3F</midino>
                <options>
                    <script-binding/>
                </options>
            </control>
            <control>
                <group>[Channel2]</group>
                <key>Beatmix.wheelTouch</key>
                <status>0x91</status>
                <midino>0x3F</midino>
                <options>
                    <script-binding/>
                </options>
            </control>
            <control>
                <group>[Library]</group>
                <key>Beatmix.expandCollapse</key>
                <status>0x94</status>
                <midino>0x40</midino>
                <options>
                    <script-binding/>
                </options>
            </control>
            <control>
                <group>[QuickEffectRack1_[Channel2]]</group>
                <key>super1</key>
                <status>0xB1</status>
                <midino>0x40</midino>
                <options>
                    <normal/>
                </options>
            </control>
            <control>
                <group>[EffectRack1_EffectUnit2]</group>
                <key>super1</key>
                <status>0xB1</status>
                <midino>0x41</midino>
                <options>
                    <normal/>
                </options>
            </control>
            <control>
                <group>[Channel2]</group>
                <key>pregain</key>
                <status>0xB1</status>
                <midino>0x42</midino>
                <options>
                    <normal/>
                </options>
            </control>
            <control>
                <group>[EqualizerRack1_[Channel2]_Effect1]</group>
                <key>parameter3</key>
                <status>0xB1</status>
                <midino>0x43</midino>
                <options>
                    <normal/>
                </options>
            </control>
            <control>
                <group>[EqualizerRack1_[Channel2]_Effect1]</group>
                <key>parameter2</key>
                <status>0xB1</status>
                <midino>0x44</midino>
                <options>
                    <normal/>
                </options>
            </control>
            <control>
                <group>[EqualizerRack1_[Channel2]_Effect1]</group>
                <key>parameter1</key>
                <status>0xB1</status>
                <midino>0x45</midino>
                <options>
                    <normal/>
                </options>
            </control>
            <control>
                <group>[Channel2]</group>
                <key>rate</key>
                <status>0xB1</status>
                <midino>0x46</midino>
                <options>
                    <soft-takeover/>
                    <fourteen-bit-msb/>
                </options>
            </control>
            <control>
                <group>[Channel2]</group>
                <key>Beatmix.fader</key>
                <status>0xB1</status>
                <midino>0x47</midino>
                <options>
                    <script-binding/>
                </options>
            </control>
            <control>
                <group>[EffectRack1_EffectUnit2]</group>
                <key>mix</key>
                <status>0xB1</status>
                <midino>0x48</midino>
                <options>
                    <normal/>
                </options>
            </control>
            <control>
                <group>[Master]</group>
                <key>headGain</key>
                <status>0xB4</status>
                <midino>0x51</midino>
                <options>
                    <normal/>
                </options>
            </control>
            <control>
                <group>[Master]</group>
                <key>headMix</key>
                <status>0xB4</status>
                <midino>0x52</midino>
                <options>
                    <normal/>
                </options>
            </control>
            <control>
                <group>[Master]</group>
                <key>crossfader</key>
                <status>0xB4</status>
                <midino>0x53</midino>
                <options>
                    <normal/>
                </options>
            </control>
            <control>
                <group>[Channel1]</group>
                <key>rate</key>
                <status>0xB0</status>
                <midino>0x76</midino>
                <options>
                    <soft-takeover/>
                    <fourteen-bit-lsb/>
                </options>
            </control>
            <control>
                <group>[Channel2]</group>
                <key>rate</key>
                <status>0xB1</status>
                <midino>0x76</midino>
                <options>
                    <soft-takeover/>
                    <fourteen-bit-lsb/>
                </options>
            </control>
            <control>
                <group>[EffectRack1]</group>
                <key>Beatmix.fxSelClick</key>
                <status>0x90</status>
                <midino>0x30</midino>
                <options>
                    <script-binding/>
                </options>
            </control>
            <control>
                <group>[EffectRack1]</group>
                <key>Beatmix.fxSelClick</key>
                <status>0x91</status>
                <midino>0x30</midino>
                <options>
                    <script-binding/>
                </options>
            </control>
            <control>
                <group>[Samplers]</group>
                <key>Beatmix.smplSelClick</key>
                <status>0x90</status>
                <midino>0x10</midino>
                <options>
                    <script-binding/>
                </options>
            </control>
            <control>
                <group>[Samplers]</group>
                <key>Beatmix.smplSelClick</key>
                <status>0x91</status>
                <midino>0x10</midino>
                <options>
                    <script-binding/>
                </options>
            </control>
        </controls>
        <outputs>
            <output>
                <group>[Channel1]</group>
                <key>cue_indicator</key>
                <status>0x90</status>
                <midino>0x2E</midino>
                <minimum>0.5</minimum>
            </output>
            <output>
                <group>[Channel1]</group>
                <key>cue_play</key>
                <status>0x90</status>
                <midino>0x2D</midino>
                <minimum>0.5</minimum>
            </output>
            <output>
                <group>[Channel1]</group>
                <key>keylock</key>
                <status>0x90</status>
                <midino>0x4F</midino>
                <minimum>0.5</minimum>
            </output>
            <output>
                <group>[EffectRack1_EffectUnit1]</group>
                <key>enabled</key>
                <status>0x90</status>
                <midino>0x20</midino>
                <minimum>0.5</minimum>
            </output>
            <output>
                <group>[EffectRack1_EffectUnit2]</group>
                <key>enabled</key>
                <status>0x91</status>
                <midino>0x20</midino>
                <minimum>0.5</minimum>
            </output>
            <output>
                <group>[Channel1]</group>
                <key>loop_enabled</key>
                <status>0x90</status>
                <midino>0x22</midino>
                <minimum>0.5</minimum>
            </output>
            <output>
                <group>[Channel1]</group>
                <key>pfl</key>
                <status>0x90</status>
                <midino>0x23</midino>
                <minimum>0.5</minimum>
            </output>
            <output>
                <group>[Channel1]</group>
                <key>pfl</key>
                <status>0x90</status>
                <midino>0x43</midino>
                <minimum>0.5</minimum>
            </output>
            <output>
                <group>[Channel1]</group>
                <key>play_indicator</key>
                <status>0x90</status>
                <midino>0x2F</midino>
                <minimum>0.5</minimum>
            </output>
            <output>
                <group>[Channel1]</group>
                <key>quantize</key>
                <status>0x90</status>
                <midino>0x21</midino>
                <minimum>0.5</minimum>
            </output>
          <output>
                <group>[Channel1]</group>
                <key>sync_enabled</key>
                <status>0x90</status>
                <midino>0x2C</midino>
                <minimum>0.5</minimum>
            </output>
            <output>
                <group>[Channel2]</group>
                <key>cue_indicator</key>
                <status>0x91</status>
                <midino>0x2E</midino>
                <minimum>0.5</minimum>
            </output>
            <output>
                <group>[Channel2]</group>
                <key>cue_play</key>
                <status>0x91</status>
                <midino>0x2D</midino>
                <minimum>0.5</minimum>
            </output>
            <output>
                <group>[Channel2]</group>
                <key>keylock</key>
                <status>0x91</status>
                <midino>0x4F</midino>
                <minimum>0.5</minimum>
            </output>
            <output>
                <group>[Channel2]</group>
                <key>loop_enabled</key>
                <status>0x91</status>
                <midino>0x21</midino>
                <minimum>0.5</minimum>
            </output>
            <output>
                <group>[Channel2]</group>
                <key>pfl</key>
                <status>0x91</status>
                <midino>0x23</midino>
                <minimum>0.5</minimum>
            </output>
            <output>
                <group>[Channel2]</group>
                <key>pfl</key>
                <status>0x91</status>
                <midino>0x43</midino>
                <minimum>0.5</minimum>
            </output>
            <output>
                <group>[Channel2]</group>
                <key>play_indicator</key>
                <status>0x91</status>
                <midino>0x2F</midino>
                <minimum>0.5</minimum>
            </output>
            <output>
                <group>[Channel2]</group>
                <key>quantize</key>
                <status>0x91</status>
                <midino>0x22</midino>
                <minimum>0.5</minimum>
            </output>
            <output>
                <group>[Channel2]</group>
                <key>sync_enabled</key>
                <status>0x91</status>
                <midino>0x2C</midino>
                <minimum>0.5</minimum>
            </output>
            <output>
                <group>[Channel1]</group>
                <key>hotcue_1_status</key>
                <status>0x90</status>
                <midino>0x29</midino>
                <minimum>0.5</minimum>
            </output>
            <output>
                <group>[Channel1]</group>
                <key>hotcue_1_status</key>
                <status>0x90</status>
                <midino>0x49</midino>
                <minimum>0.5</minimum>
            </output>
            <output>
                <group>[Channel1]</group>
                <key>hotcue_2_status</key>
                <status>0x90</status>
                <midino>0x2A</midino>
                <minimum>0.5</minimum>
            </output>
            <output>
                <group>[Channel1]</group>
                <key>hotcue_2_status</key>
                <status>0x90</status>
                <midino>0x4A</midino>
                <minimum>0.5</minimum>
            </output>
            <output>
                <group>[Channel1]</group>
                <key>hotcue_3_status</key>
                <status>0x90</status>
                <midino>0x2B</midino>
                <minimum>0.5</minimum>
            </output>
            <output>
                <group>[Channel1]</group>
                <key>hotcue_3_status</key>
                <status>0x90</status>
                <midino>0x4B</midino>
                <minimum>0.5</minimum>
            </output>
            <output>
                <group>[Channel2]</group>
                <key>hotcue_1_status</key>
                <status>0x91</status>
                <midino>0x29</midino>
                <minimum>0.5</minimum>
            </output>
            <output>
                <group>[Channel2]</group>
                <key>hotcue_1_status</key>
                <status>0x91</status>
                <midino>0x49</midino>
                <minimum>0.5</minimum>
            </output>
            <output>
                <group>[Channel2]</group>
                <key>hotcue_2_status</key>
                <status>0x91</status>
                <midino>0x2A</midino>
                <minimum>0.5</minimum>
            </output>
            <output>
                <group>[Channel2]</group>
                <key>hotcue_2_status</key>
                <status>0x91</status>
                <midino>0x4A</midino>
                <minimum>0.5</minimum>
            </output>
            <output>
                <group>[Channel2]</group>
                <key>hotcue_3_status</key>
                <status>0x91</status>
                <midino>0x2B</midino>
                <minimum>0.5</minimum>
            </output>
            <output>
                <group>[Channel2]</group>
                <key>hotcue_3_status</key>
                <status>0x91</status>
                <midino>0x4B</midino>
                <minimum>0.5</minimum>
            </output>
            <output>
                <group>[Channel1]</group>
                <key>play_indicator</key>
                <status>0x90</status>
                <midino>0x32</midino>
                <on>0x00</on>
                <off>0x7F</off>
                <minimum>0.5</minimum>
            </output>
            <output>
                <group>[Channel2]</group>
                <key>play_indicator</key>
                <status>0x91</status>
                <midino>0x32</midino>
                <on>0x00</on>
                <off>0x7F</off>
                <minimum>0.5</minimum>
            </output>
        </outputs>
    </controller>
</MixxxControllerPreset>
